[
{
    "title": "Leaning Python 3",
    "author": "author",
    "pageCount": 500,
    "numberOfChapters": 12,
    "chapters":
    [
        {
            "chapterNumber": 1,
            "chapterTitle": "Python Fundamentals",
            "pageCount": 30
        },
        {
            "chapterNumber": 2,
            "chapterTitle": "Chapter 2",
            "pageCount": 25
        }
    ]
},
{
    "title": "Learning Python 3",
    "author": "author",
    "publisher": 500,
    "numberOfChepters": 12,
    "chapters":
    [
        {
            "chapterNumber": 1,
            "chapterTitle": "Martin Y",
            "pageCount": 30
        },
        {
            "chapterNumber": 2,
            "chapterTitle": "Martin Y",
            "pageCount": 25
        }
    ]
}
]